feature,consensus_score,rank,selected
service,1.963457150017666,1,True
bytes_per_pkt_total,1.963457150017666,2,True
pkt_size_asym,1.963457150017666,3,True
ttl_diff,1.963457150017666,4,True
byte_ratio,1.963457150017666,5,True
ct_dst_src_ltm,1.963457150017666,6,True
ct_srv_dst,1.963457150017666,7,True
mean_pkt_src,1.963457150017666,8,True
load_ratio,1.963457150017666,9,True
ct_src_dport_ltm,1.963457150017666,10,True
ct_dst_sport_ltm,1.963457150017666,11,True
smean,1.963457150017666,12,True
ct_srv_src,1.963457150017666,13,True
sttl,1.8016593375553644,14,True
mean_pkt_dst,1.797555025052896,15,True
sbytes,1.4739528795277343,16,True
pkt_ratio,1.4657507751233558,17,True
inter_pkt_ratio,1.4657507751233558,18,True
rate,1.4657507751233558,19,True
ct_state_ttl,1.4657507751233558,20,True
dmean,1.4657507751233558,21,True
load_per_pkt,1.4657507751233558,22,True
proto,1.4657507751233558,23,True
rate_per_pkt,1.4657507751233558,24,True
dttl,1.4657507751233558,25,True
dload,1.4657507751233558,26,True
state,1.4657507751233558,27,True
tcp_setup_ratio,1.3039529626610542,28,True
sload,1.3025826849600453,29,True
ct_dst_ltm,1.1421551501987526,30,True
dbytes,1.1421486295981942,31,True
dwin,0.980357337736451,32,True
dtcpb,0.980357337736451,33,True
swin,0.980357337736451,34,True
ct_src_ltm,0.980357337736451,35,True
win_ratio,0.980357337736451,36,True
jit_ratio,0.980357337736451,37,False
stcpb,0.980357337736451,38,False
dinpkt,0.9762465046334239,39,False
dur,0.9762465046334239,40,False
dpkts,0.9762465046334239,41,False
spkts,0.9762465046334239,42,False
sinpkt,0.9762465046334239,43,False
sjit,0.9762465046334239,44,False
tcprtt,0.9748977078768368,45,False
synack,0.9748977078768368,46,False
ackdat,0.9748977078768368,47,False
src_loss_rate,0.9748977078768368,48,False
dst_loss_rate,0.9748977078768368,49,False
loss_rate,0.9748977078768368,50,False
trans_depth,0.6540211574098295,51,False
djit,0.6526508797088205,52,False
response_body_len,0.49085306724651884,53,False
dloss,0.49085306724651884,54,False
ct_flw_http_mthd,0.49085306724651884,55,False
sloss,0.49085306724651884,56,False
is_ftp_login,0.0,57,False
is_sm_ips_ports,0.0,58,False
ct_ftp_cmd,0.0,59,False
