,accuracy,accuracy,brier_score,brier_score,ece,ece,f1_analysis,f1_analysis,f1_backdoor,f1_backdoor,f1_dos,f1_dos,f1_exploits,f1_exploits,f1_fuzzers,f1_fuzzers,f1_generic,f1_generic,f1_normal,f1_normal,f1_reconnaissance,f1_reconnaissance,f1_shellcode,f1_shellcode,f1_worms,f1_worms,log_loss,log_loss,macro_f1,macro_f1,precision_analysis,precision_analysis,precision_backdoor,precision_backdoor,precision_dos,precision_dos,precision_exploits,precision_exploits,precision_fuzzers,precision_fuzzers,precision_generic,precision_generic,precision_normal,precision_normal,precision_reconnaissance,precision_reconnaissance,precision_shellcode,precision_shellcode,precision_worms,precision_worms,recall_analysis,recall_analysis,recall_backdoor,recall_backdoor,recall_dos,recall_dos,recall_exploits,recall_exploits,recall_fuzzers,recall_fuzzers,recall_generic,recall_generic,recall_normal,recall_normal,recall_reconnaissance,recall_reconnaissance,recall_shellcode,recall_shellcode,recall_worms,recall_worms,roc_auc_macro_ovr,roc_auc_macro_ovr,weighted_f1,weighted_f1
,mean,std,mean,std,mean,std,mean,std,mean,std,mean,std,mean,std,mean,std,mean,std,mean,std,mean,std,mean,std,mean,std,mean,std,mean,std,mean,std,mean,std,mean,std,mean,std,mean,std,mean,std,mean,std,mean,std,mean,std,mean,std,mean,std,mean,std,mean,std,mean,std,mean,std,mean,std,mean,std,mean,std,mean,std,mean,std,mean,std,mean,std
method,,,,,,,,,,,,,,,,,,,,,,,,,,,,,,,,,,,,,,,,,,,,,,,,,,,,,,,,,,,,,,,,,,,,,,,,,,
base_extra_trees,0.866577,0.002604,0.018024,0.000956,0.036138,0.006185,0.061073,0.016175,0.102107,0.010251,0.473378,0.028908,0.723098,0.004777,0.757879,0.012276,0.985898,0.002017,0.97524,0.004183,0.85761,0.011183,0.529305,0.038178,0.642619,0.069469,0.606905,0.192964,0.610821,0.006726,0.044218,0.013779,0.061113,0.00614,0.438517,0.011842,0.838916,0.011902,0.837054,0.060543,0.995474,0.002449,0.975504,0.004359,0.882439,0.028132,0.481327,0.120148,0.618615,0.108492,0.103399,0.02607,0.310551,0.033839,0.516032,0.055706,0.635466,0.006197,0.695472,0.02795,0.976524,0.005066,0.975081,0.011963,0.83467,0.010747,0.640316,0.125427,0.683334,0.086958,0.95348,0.019647,0.88174,0.002285
base_knn,0.85154,0.004863,0.020105,0.000776,0.038176,0.003371,0.115611,0.01892,0.048328,0.019467,0.454893,0.024244,0.675017,0.008993,0.597731,0.016923,0.982322,0.00117,0.952781,0.00449,0.809499,0.020293,0.386284,0.05802,0.225769,0.151375,2.113243,0.118848,0.524823,0.023606,0.106511,0.014568,0.113554,0.040065,0.441169,0.017256,0.658437,0.01158,0.675407,0.021672,0.99307,0.00071,0.937153,0.00608,0.822691,0.02762,0.42539,0.055021,0.335714,0.244033,0.131362,0.038376,0.030843,0.012902,0.469796,0.033317,0.6926,0.012118,0.536129,0.014553,0.971808,0.002785,0.968946,0.003377,0.797192,0.023459,0.35979,0.073009,0.177778,0.126686,0.861254,0.011496,0.848768,0.005972
base_random_forest,0.871484,0.003692,0.01783,0.000651,0.033543,0.003088,0.089215,0.024819,0.104801,0.010874,0.524481,0.013447,0.724994,0.00472,0.747719,0.014019,0.984519,0.001781,0.974119,0.003423,0.858341,0.008835,0.565194,0.034469,0.594805,0.142405,0.450139,0.075745,0.616819,0.016821,0.071937,0.019797,0.06442,0.007033,0.453313,0.009806,0.825089,0.010191,0.833337,0.043904,0.996855,0.001237,0.97217,0.003146,0.887817,0.015741,0.502541,0.060129,0.650403,0.142724,0.11817,0.034933,0.281388,0.025722,0.622394,0.02312,0.646604,0.004401,0.67931,0.015909,0.972497,0.004385,0.976135,0.009245,0.830945,0.011264,0.653439,0.030256,0.572222,0.175243,0.965468,0.007378,0.883388,0.00325
base_xgboost,0.882451,0.003453,0.015114,0.000526,0.011837,0.002126,0.141164,0.033837,0.058574,0.032763,0.501859,0.010682,0.713921,0.004422,0.708617,0.011207,0.985523,0.002204,0.97341,0.003647,0.865206,0.007276,0.604797,0.035957,0.576282,0.106119,0.302407,0.009506,0.612935,0.008103,0.911818,0.051561,0.615,0.220511,0.456311,0.007213,0.709847,0.010936,0.721514,0.018155,0.993431,0.001602,0.959155,0.0062,0.931164,0.007176,0.613302,0.038551,0.776191,0.129702,0.076808,0.019882,0.030828,0.017667,0.557594,0.016543,0.7182,0.00765,0.697133,0.028399,0.977743,0.00343,0.988108,0.001725,0.808063,0.011972,0.597965,0.047303,0.477778,0.144871,0.981084,0.000917,0.878364,0.003635
cal_extra_trees,0.866577,0.002604,0.018024,0.000956,0.036138,0.006185,0.061073,0.016175,0.102107,0.010251,0.473378,0.028908,0.723098,0.004777,0.757879,0.012276,0.985898,0.002017,0.97524,0.004183,0.85761,0.011183,0.529305,0.038178,0.642619,0.069469,0.606905,0.192964,0.610821,0.006726,0.044218,0.013779,0.061113,0.00614,0.438517,0.011842,0.838916,0.011902,0.837054,0.060543,0.995474,0.002449,0.975504,0.004359,0.882439,0.028132,0.481327,0.120148,0.618615,0.108492,0.103399,0.02607,0.310551,0.033839,0.516032,0.055706,0.635466,0.006197,0.695472,0.02795,0.976524,0.005066,0.975081,0.011963,0.83467,0.010747,0.640316,0.125427,0.683334,0.086958,0.95348,0.019647,0.88174,0.002285
cal_knn,0.85154,0.004863,0.020105,0.000776,0.038176,0.003371,0.115611,0.01892,0.048328,0.019467,0.454893,0.024244,0.675017,0.008993,0.597731,0.016923,0.982322,0.00117,0.952781,0.00449,0.809499,0.020293,0.386284,0.05802,0.225769,0.151375,2.113243,0.118848,0.524823,0.023606,0.106511,0.014568,0.113554,0.040065,0.441169,0.017256,0.658437,0.01158,0.675407,0.021672,0.99307,0.00071,0.937153,0.00608,0.822691,0.02762,0.42539,0.055021,0.335714,0.244033,0.131362,0.038376,0.030843,0.012902,0.469796,0.033317,0.6926,0.012118,0.536129,0.014553,0.971808,0.002785,0.968946,0.003377,0.797192,0.023459,0.35979,0.073009,0.177778,0.126686,0.861254,0.011496,0.848768,0.005972
cal_random_forest,0.871484,0.003692,0.01783,0.000651,0.033543,0.003088,0.089215,0.024819,0.104801,0.010874,0.524481,0.013447,0.724994,0.00472,0.747719,0.014019,0.984519,0.001781,0.974119,0.003423,0.858341,0.008835,0.565194,0.034469,0.594805,0.142405,0.450139,0.075745,0.616819,0.016821,0.071937,0.019797,0.06442,0.007033,0.453313,0.009806,0.825089,0.010191,0.833337,0.043904,0.996855,0.001237,0.97217,0.003146,0.887817,0.015741,0.502541,0.060129,0.650403,0.142724,0.11817,0.034933,0.281388,0.025722,0.622394,0.02312,0.646604,0.004401,0.67931,0.015909,0.972497,0.004385,0.976135,0.009245,0.830945,0.011264,0.653439,0.030256,0.572222,0.175243,0.965468,0.007378,0.883388,0.00325
cal_xgboost,0.882451,0.003453,0.015114,0.000526,0.011837,0.002126,0.141164,0.033837,0.058574,0.032763,0.501859,0.010682,0.713921,0.004422,0.708617,0.011207,0.985523,0.002204,0.97341,0.003647,0.865206,0.007276,0.604797,0.035957,0.576282,0.106119,0.302407,0.009506,0.612935,0.008103,0.911818,0.051561,0.615,0.220511,0.456311,0.007213,0.709847,0.010936,0.721514,0.018155,0.993431,0.001602,0.959155,0.0062,0.931164,0.007176,0.613302,0.038551,0.776191,0.129702,0.076808,0.019882,0.030828,0.017667,0.557594,0.016543,0.7182,0.00765,0.697133,0.028399,0.977743,0.00343,0.988108,0.001725,0.808063,0.011972,0.597965,0.047303,0.477778,0.144871,0.981084,0.000917,0.878364,0.003635
p_final,0.884249,0.005191,0.015233,0.000672,0.01938,0.001093,0.419815,0.031786,0.30549,0.030369,0.536985,0.00664,0.730672,0.009302,0.761556,0.011328,0.986951,0.001454,0.976525,0.002249,0.861788,0.00925,0.539051,0.027315,0.55804,0.109554,0.309553,0.016061,0.667687,0.014026,0.356994,0.027088,0.207903,0.052383,0.457695,0.005569,0.83199,0.020593,0.827258,0.019174,0.99606,0.000986,0.97489,0.005487,0.896074,0.017146,0.431523,0.060116,0.483976,0.151488,0.521286,0.090998,0.658753,0.137498,0.650028,0.021912,0.65235,0.027651,0.706361,0.027308,0.978009,0.002178,0.978216,0.006378,0.830372,0.016765,0.740947,0.088913,0.683334,0.086958,0.98359,0.002789,0.891581,0.002846
p_stack,0.872881,0.015823,0.017231,0.002152,0.017099,0.006527,0.386404,0.031456,0.311499,0.037686,0.533428,0.014056,0.719681,0.032754,0.745232,0.019379,0.986988,0.001325,0.96898,0.005657,0.858365,0.003808,0.381185,0.077543,0.385983,0.136669,0.374528,0.050991,0.627774,0.031501,0.301795,0.107717,0.220163,0.073116,0.47871,0.044639,0.845941,0.051708,0.773225,0.030858,0.995314,0.001508,0.982941,0.00927,0.878722,0.025005,0.27239,0.127516,0.287624,0.160987,0.661569,0.163534,0.657132,0.160771,0.609666,0.049404,0.635095,0.092865,0.71956,0.014929,0.978804,0.002422,0.955703,0.018395,0.839813,0.020517,0.823299,0.17042,0.702778,0.070547,0.971198,0.009033,0.88414,0.009212
p_weighted,0.877193,0.002161,0.015534,0.000438,0.032826,0.00567,0.08189,0.022864,0.077131,0.017131,0.528137,0.011008,0.732256,0.00566,0.747235,0.012754,0.98635,0.001815,0.97666,0.002614,0.863479,0.008668,0.599756,0.031582,0.605876,0.130135,0.319088,0.00797,0.619877,0.014791,0.067818,0.019356,0.049109,0.010633,0.463085,0.006971,0.813273,0.011798,0.849784,0.010691,0.996271,0.000997,0.966281,0.003575,0.914616,0.009938,0.582908,0.047929,0.706667,0.167332,0.103421,0.028124,0.180091,0.044434,0.614574,0.018914,0.666007,0.006867,0.666939,0.017711,0.976631,0.003488,0.98727,0.002685,0.817788,0.009337,0.619053,0.025355,0.547222,0.150744,0.979423,0.000931,0.886205,0.002415
